--
-- PostgreSQL database dump
--

-- Dumped from database version 13.18
-- Dumped by pg_dump version 13.18

SET statement_timeout = 0;
SET lock_timeout = 0;
SET idle_in_transaction_session_timeout = 0;
SET client_encoding = 'UTF8';
SET standard_conforming_strings = on;
SELECT pg_catalog.set_config('search_path', '', false);
SET check_function_bodies = false;
SET xmloption = content;
SET client_min_messages = warning;
SET row_security = off;

SET default_tablespace = '';

SET default_table_access_method = heap;

--
-- Name: auth_group; Type: TABLE; Schema: public; Owner: svyat
--

CREATE TABLE public.auth_group (
    id integer NOT NULL,
    name character varying(150) NOT NULL
);


ALTER TABLE public.auth_group OWNER TO svyat;

--
-- Name: auth_group_id_seq; Type: SEQUENCE; Schema: public; Owner: svyat
--

ALTER TABLE public.auth_group ALTER COLUMN id ADD GENERATED BY DEFAULT AS IDENTITY (
    SEQUENCE NAME public.auth_group_id_seq
    START WITH 1
    INCREMENT BY 1
    NO MINVALUE
    NO MAXVALUE
    CACHE 1
);


--
-- Name: auth_group_permissions; Type: TABLE; Schema: public; Owner: svyat
--

CREATE TABLE public.auth_group_permissions (
    id bigint NOT NULL,
    group_id integer NOT NULL,
    permission_id integer NOT NULL
);


ALTER TABLE public.auth_group_permissions OWNER TO svyat;

--
-- Name: auth_group_permissions_id_seq; Type: SEQUENCE; Schema: public; Owner: svyat
--

ALTER TABLE public.auth_group_permissions ALTER COLUMN id ADD GENERATED BY DEFAULT AS IDENTITY (
    SEQUENCE NAME public.auth_group_permissions_id_seq
    START WITH 1
    INCREMENT BY 1
    NO MINVALUE
    NO MAXVALUE
    CACHE 1
);


--
-- Name: auth_permission; Type: TABLE; Schema: public; Owner: svyat
--

CREATE TABLE public.auth_permission (
    id integer NOT NULL,
    name character varying(255) NOT NULL,
    content_type_id integer NOT NULL,
    codename character varying(100) NOT NULL
);


ALTER TABLE public.auth_permission OWNER TO svyat;

--
-- Name: auth_permission_id_seq; Type: SEQUENCE; Schema: public; Owner: svyat
--

ALTER TABLE public.auth_permission ALTER COLUMN id ADD GENERATED BY DEFAULT AS IDENTITY (
    SEQUENCE NAME public.auth_permission_id_seq
    START WITH 1
    INCREMENT BY 1
    NO MINVALUE
    NO MAXVALUE
    CACHE 1
);


--
-- Name: auth_user; Type: TABLE; Schema: public; Owner: svyat
--

CREATE TABLE public.auth_user (
    id integer NOT NULL,
    password character varying(128) NOT NULL,
    last_login timestamp with time zone,
    is_superuser boolean NOT NULL,
    username character varying(150) NOT NULL,
    first_name character varying(150) NOT NULL,
    last_name character varying(150) NOT NULL,
    email character varying(254) NOT NULL,
    is_staff boolean NOT NULL,
    is_active boolean NOT NULL,
    date_joined timestamp with time zone NOT NULL
);


ALTER TABLE public.auth_user OWNER TO svyat;

--
-- Name: auth_user_groups; Type: TABLE; Schema: public; Owner: svyat
--

CREATE TABLE public.auth_user_groups (
    id bigint NOT NULL,
    user_id integer NOT NULL,
    group_id integer NOT NULL
);


ALTER TABLE public.auth_user_groups OWNER TO svyat;

--
-- Name: auth_user_groups_id_seq; Type: SEQUENCE; Schema: public; Owner: svyat
--

ALTER TABLE public.auth_user_groups ALTER COLUMN id ADD GENERATED BY DEFAULT AS IDENTITY (
    SEQUENCE NAME public.auth_user_groups_id_seq
    START WITH 1
    INCREMENT BY 1
    NO MINVALUE
    NO MAXVALUE
    CACHE 1
);


--
-- Name: auth_user_id_seq; Type: SEQUENCE; Schema: public; Owner: svyat
--

ALTER TABLE public.auth_user ALTER COLUMN id ADD GENERATED BY DEFAULT AS IDENTITY (
    SEQUENCE NAME public.auth_user_id_seq
    START WITH 1
    INCREMENT BY 1
    NO MINVALUE
    NO MAXVALUE
    CACHE 1
);


--
-- Name: auth_user_user_permissions; Type: TABLE; Schema: public; Owner: svyat
--

CREATE TABLE public.auth_user_user_permissions (
    id bigint NOT NULL,
    user_id integer NOT NULL,
    permission_id integer NOT NULL
);


ALTER TABLE public.auth_user_user_permissions OWNER TO svyat;

--
-- Name: auth_user_user_permissions_id_seq; Type: SEQUENCE; Schema: public; Owner: svyat
--

ALTER TABLE public.auth_user_user_permissions ALTER COLUMN id ADD GENERATED BY DEFAULT AS IDENTITY (
    SEQUENCE NAME public.auth_user_user_permissions_id_seq
    START WITH 1
    INCREMENT BY 1
    NO MINVALUE
    NO MAXVALUE
    CACHE 1
);


--
-- Name: django_admin_log; Type: TABLE; Schema: public; Owner: svyat
--

CREATE TABLE public.django_admin_log (
    id integer NOT NULL,
    action_time timestamp with time zone NOT NULL,
    object_id text,
    object_repr character varying(200) NOT NULL,
    action_flag smallint NOT NULL,
    change_message text NOT NULL,
    content_type_id integer,
    user_id integer NOT NULL,
    CONSTRAINT django_admin_log_action_flag_check CHECK ((action_flag >= 0))
);


ALTER TABLE public.django_admin_log OWNER TO svyat;

--
-- Name: django_admin_log_id_seq; Type: SEQUENCE; Schema: public; Owner: svyat
--

ALTER TABLE public.django_admin_log ALTER COLUMN id ADD GENERATED BY DEFAULT AS IDENTITY (
    SEQUENCE NAME public.django_admin_log_id_seq
    START WITH 1
    INCREMENT BY 1
    NO MINVALUE
    NO MAXVALUE
    CACHE 1
);


--
-- Name: django_content_type; Type: TABLE; Schema: public; Owner: svyat
--

CREATE TABLE public.django_content_type (
    id integer NOT NULL,
    app_label character varying(100) NOT NULL,
    model character varying(100) NOT NULL
);


ALTER TABLE public.django_content_type OWNER TO svyat;

--
-- Name: django_content_type_id_seq; Type: SEQUENCE; Schema: public; Owner: svyat
--

ALTER TABLE public.django_content_type ALTER COLUMN id ADD GENERATED BY DEFAULT AS IDENTITY (
    SEQUENCE NAME public.django_content_type_id_seq
    START WITH 1
    INCREMENT BY 1
    NO MINVALUE
    NO MAXVALUE
    CACHE 1
);


--
-- Name: django_migrations; Type: TABLE; Schema: public; Owner: svyat
--

CREATE TABLE public.django_migrations (
    id bigint NOT NULL,
    app character varying(255) NOT NULL,
    name character varying(255) NOT NULL,
    applied timestamp with time zone NOT NULL
);


ALTER TABLE public.django_migrations OWNER TO svyat;

--
-- Name: django_migrations_id_seq; Type: SEQUENCE; Schema: public; Owner: svyat
--

ALTER TABLE public.django_migrations ALTER COLUMN id ADD GENERATED BY DEFAULT AS IDENTITY (
    SEQUENCE NAME public.django_migrations_id_seq
    START WITH 1
    INCREMENT BY 1
    NO MINVALUE
    NO MAXVALUE
    CACHE 1
);


--
-- Name: django_session; Type: TABLE; Schema: public; Owner: svyat
--

CREATE TABLE public.django_session (
    session_key character varying(40) NOT NULL,
    session_data text NOT NULL,
    expire_date timestamp with time zone NOT NULL
);


ALTER TABLE public.django_session OWNER TO svyat;

--
-- Name: recipes_category; Type: TABLE; Schema: public; Owner: svyat
--

CREATE TABLE public.recipes_category (
    id bigint NOT NULL,
    name character varying(100) NOT NULL
);


ALTER TABLE public.recipes_category OWNER TO svyat;

--
-- Name: recipes_category_id_seq; Type: SEQUENCE; Schema: public; Owner: svyat
--

ALTER TABLE public.recipes_category ALTER COLUMN id ADD GENERATED BY DEFAULT AS IDENTITY (
    SEQUENCE NAME public.recipes_category_id_seq
    START WITH 1
    INCREMENT BY 1
    NO MINVALUE
    NO MAXVALUE
    CACHE 1
);


--
-- Name: recipes_recipe; Type: TABLE; Schema: public; Owner: svyat
--

CREATE TABLE public.recipes_recipe (
    id bigint NOT NULL,
    title character varying(200) NOT NULL,
    description text NOT NULL,
    preparation_steps text NOT NULL,
    cooking_time integer NOT NULL,
    image character varying(100),
    author_id integer NOT NULL
);


ALTER TABLE public.recipes_recipe OWNER TO svyat;

--
-- Name: recipes_recipe_categories; Type: TABLE; Schema: public; Owner: svyat
--

CREATE TABLE public.recipes_recipe_categories (
    id bigint NOT NULL,
    recipe_id bigint NOT NULL,
    category_id bigint NOT NULL
);


ALTER TABLE public.recipes_recipe_categories OWNER TO svyat;

--
-- Name: recipes_recipe_categories_id_seq; Type: SEQUENCE; Schema: public; Owner: svyat
--

ALTER TABLE public.recipes_recipe_categories ALTER COLUMN id ADD GENERATED BY DEFAULT AS IDENTITY (
    SEQUENCE NAME public.recipes_recipe_categories_id_seq
    START WITH 1
    INCREMENT BY 1
    NO MINVALUE
    NO MAXVALUE
    CACHE 1
);


--
-- Name: recipes_recipe_id_seq; Type: SEQUENCE; Schema: public; Owner: svyat
--

ALTER TABLE public.recipes_recipe ALTER COLUMN id ADD GENERATED BY DEFAULT AS IDENTITY (
    SEQUENCE NAME public.recipes_recipe_id_seq
    START WITH 1
    INCREMENT BY 1
    NO MINVALUE
    NO MAXVALUE
    CACHE 1
);


--
-- Data for Name: auth_group; Type: TABLE DATA; Schema: public; Owner: svyat
--

COPY public.auth_group (id, name) FROM stdin;
1	new group
\.


--
-- Data for Name: auth_group_permissions; Type: TABLE DATA; Schema: public; Owner: svyat
--

COPY public.auth_group_permissions (id, group_id, permission_id) FROM stdin;
\.


--
-- Data for Name: auth_permission; Type: TABLE DATA; Schema: public; Owner: svyat
--

COPY public.auth_permission (id, name, content_type_id, codename) FROM stdin;
1	Can add log entry	1	add_logentry
2	Can change log entry	1	change_logentry
3	Can delete log entry	1	delete_logentry
4	Can view log entry	1	view_logentry
5	Can add permission	2	add_permission
6	Can change permission	2	change_permission
7	Can delete permission	2	delete_permission
8	Can view permission	2	view_permission
9	Can add group	3	add_group
10	Can change group	3	change_group
11	Can delete group	3	delete_group
12	Can view group	3	view_group
13	Can add user	4	add_user
14	Can change user	4	change_user
15	Can delete user	4	delete_user
16	Can view user	4	view_user
17	Can add content type	5	add_contenttype
18	Can change content type	5	change_contenttype
19	Can delete content type	5	delete_contenttype
20	Can view content type	5	view_contenttype
21	Can add session	6	add_session
22	Can change session	6	change_session
23	Can delete session	6	delete_session
24	Can view session	6	view_session
25	Can add category	7	add_category
26	Can change category	7	change_category
27	Can delete category	7	delete_category
28	Can view category	7	view_category
29	Can add recipe	8	add_recipe
30	Can change recipe	8	change_recipe
31	Can delete recipe	8	delete_recipe
32	Can view recipe	8	view_recipe
\.


--
-- Data for Name: auth_user; Type: TABLE DATA; Schema: public; Owner: svyat
--

COPY public.auth_user (id, password, last_login, is_superuser, username, first_name, last_name, email, is_staff, is_active, date_joined) FROM stdin;
3	pbkdf2_sha256$600000$Lr190axDCZshMRUILIUsrI$bBNfE7K8+mg4gUpPy5cu8xa7BLvefuz40Nqeh44sS0Q=	2025-01-30 18:43:55.946276-05	f	Good				f	t	2025-01-28 03:51:00.119582-05
8	pbkdf2_sha256$600000$JWT5YjhvwikgN0DdcRIXs1$geXh1cmNxPOOYrX8X7ygzN460YWEMlCeeGjWSzwVYH8=	2025-01-30 18:52:37.822417-05	f	Rodion			rodion.kachkinov@yandex.ru	f	t	2025-01-30 18:52:37.443527-05
1	pbkdf2_sha256$600000$wtEM9OuojQ5ybFeTcOtzif$sGtmClK+53WX5jXCgnYFQ9dZGxBwdV98BeX3maNo0vc=	2025-02-10 09:23:29.452005-05	t	Svyat			jsvyatoslav@gmail.com	t	t	2025-01-24 18:17:19.047957-05
2	pbkdf2_sha256$600000$whR8jaHfJEeyZ8EIFznOQp$7PEY/yq2VvN8MCEX6Q7GnL5uh0ciTobBoODL/m9q/Ro=	2025-02-10 09:37:35.756262-05	t	Admin			jsvyatoslav@gmail.com	t	t	2025-01-24 18:53:07.383309-05
\.


--
-- Data for Name: auth_user_groups; Type: TABLE DATA; Schema: public; Owner: svyat
--

COPY public.auth_user_groups (id, user_id, group_id) FROM stdin;
\.


--
-- Data for Name: auth_user_user_permissions; Type: TABLE DATA; Schema: public; Owner: svyat
--

COPY public.auth_user_user_permissions (id, user_id, permission_id) FROM stdin;
\.


--
-- Data for Name: django_admin_log; Type: TABLE DATA; Schema: public; Owner: svyat
--

COPY public.django_admin_log (id, action_time, object_id, object_repr, action_flag, change_message, content_type_id, user_id) FROM stdin;
1	2025-01-25 09:05:39.48316-05	1	Завтрак	1	[{"added": {}}]	7	2
2	2025-01-25 09:06:00.641409-05	2	Обед	1	[{"added": {}}]	7	2
3	2025-01-25 09:06:09.500447-05	3	Ужин	1	[{"added": {}}]	7	2
4	2025-01-25 09:06:30.998279-05	4	Полдник	1	[{"added": {}}]	7	2
5	2025-01-25 09:07:04.512643-05	5	Поздний Ужин	1	[{"added": {}}]	7	2
6	2025-01-25 09:09:14.586572-05	1	Яичница-глазунья на сливочном масле	1	[{"added": {}}]	8	2
7	2025-01-25 09:09:19.345798-05	1	Яичница-глазунья на сливочном масле	2	[]	8	2
8	2025-01-25 09:10:56.378334-05	1	Яичница-глазунья на сливочном масле	2	[]	8	2
9	2025-01-25 09:23:45.879669-05	1	Яичница-глазунья на сливочном масле	2	[{"changed": {"fields": ["Image"]}}]	8	2
10	2025-01-25 09:30:29.550867-05	1	Яичница-глазунья на сливочном масле	2	[{"changed": {"fields": ["Image"]}}]	8	2
11	2025-01-25 09:30:35.153757-05	1	Яичница-глазунья на сливочном масле	2	[{"changed": {"fields": ["Image"]}}]	8	2
12	2025-01-25 09:30:58.109179-05	1	Яичница-глазунья на сливочном масле	2	[{"changed": {"fields": ["Image"]}}]	8	2
13	2025-01-25 09:31:20.685543-05	1	Яичница-глазунья на сливочном масле	2	[{"changed": {"fields": ["Image"]}}]	8	2
14	2025-01-25 10:56:11.604342-05	1	Яичница-глазунья на сливочном масле	2	[{"changed": {"fields": ["\\u0418\\u0437\\u043e\\u0431\\u0440\\u0430\\u0436\\u0435\\u043d\\u0438\\u0435"]}}]	8	2
15	2025-01-25 10:56:17.644489-05	2	Борщ с говядиной	2	[{"changed": {"fields": ["\\u0418\\u0437\\u043e\\u0431\\u0440\\u0430\\u0436\\u0435\\u043d\\u0438\\u0435"]}}]	8	2
16	2025-01-25 10:56:23.886062-05	1	Яичница-глазунья на сливочном масле	2	[{"changed": {"fields": ["\\u0418\\u0437\\u043e\\u0431\\u0440\\u0430\\u0436\\u0435\\u043d\\u0438\\u0435"]}}]	8	2
17	2025-01-25 10:56:28.883686-05	2	Борщ с говядиной	2	[{"changed": {"fields": ["\\u0418\\u0437\\u043e\\u0431\\u0440\\u0430\\u0436\\u0435\\u043d\\u0438\\u0435"]}}]	8	2
18	2025-01-25 11:26:28.938503-05	6	Закусоки	1	[{"added": {}}]	7	2
19	2025-01-25 11:28:13.585147-05	6	Закуски	2	[{"changed": {"fields": ["Name"]}}]	7	2
20	2025-01-25 11:28:45.402892-05	7	Напитки	1	[{"added": {}}]	7	2
21	2025-01-25 11:42:20.351011-05	6	Рассыпчатый плов с говядиной	1	[{"added": {}}]	8	1
22	2025-01-25 16:02:57.869921-05	2	Admin	2	[{"changed": {"fields": ["password"]}}]	4	1
23	2025-01-27 16:38:19.757092-05	7	"Чебуреки" из кабачков с сырной начинкой	1	[{"added": {}}]	8	2
24	2025-01-29 02:44:40.248613-05	4	Test	3		4	2
25	2025-01-30 19:00:01.845169-05	6	Test	3		4	2
26	2025-01-30 19:00:07.012721-05	7	Test2	3		4	2
27	2025-02-03 12:23:29.787392-05	9	reeere	3		4	2
28	2025-02-03 12:23:39.202018-05	5	Родион	3		4	2
29	2025-02-05 10:48:26.487723-05	1	new group	1	[{"added": {}}]	3	2
30	2025-02-10 09:30:41.019417-05	14	тортик	3		8	1
31	2025-02-10 09:53:42.857821-05	15	1	3		8	2
\.


--
-- Data for Name: django_content_type; Type: TABLE DATA; Schema: public; Owner: svyat
--

COPY public.django_content_type (id, app_label, model) FROM stdin;
1	admin	logentry
2	auth	permission
3	auth	group
4	auth	user
5	contenttypes	contenttype
6	sessions	session
7	recipes	category
8	recipes	recipe
\.


--
-- Data for Name: django_migrations; Type: TABLE DATA; Schema: public; Owner: svyat
--

COPY public.django_migrations (id, app, name, applied) FROM stdin;
1	contenttypes	0001_initial	2025-01-24 17:54:11.64273-05
2	auth	0001_initial	2025-01-24 17:54:11.68351-05
3	admin	0001_initial	2025-01-24 17:54:11.696026-05
4	admin	0002_logentry_remove_auto_add	2025-01-24 17:54:11.701673-05
5	admin	0003_logentry_add_action_flag_choices	2025-01-24 17:54:11.707476-05
6	contenttypes	0002_remove_content_type_name	2025-01-24 17:54:11.719621-05
7	auth	0002_alter_permission_name_max_length	2025-01-24 17:54:11.726789-05
8	auth	0003_alter_user_email_max_length	2025-01-24 17:54:11.732304-05
9	auth	0004_alter_user_username_opts	2025-01-24 17:54:11.737181-05
10	auth	0005_alter_user_last_login_null	2025-01-24 17:54:11.743254-05
11	auth	0006_require_contenttypes_0002	2025-01-24 17:54:11.744603-05
12	auth	0007_alter_validators_add_error_messages	2025-01-24 17:54:11.749871-05
13	auth	0008_alter_user_username_max_length	2025-01-24 17:54:11.757913-05
14	auth	0009_alter_user_last_name_max_length	2025-01-24 17:54:11.763777-05
15	auth	0010_alter_group_name_max_length	2025-01-24 17:54:11.770679-05
16	auth	0011_update_proxy_permissions	2025-01-24 17:54:11.775874-05
17	auth	0012_alter_user_first_name_max_length	2025-01-24 17:54:11.782171-05
18	recipes	0001_initial	2025-01-24 17:54:11.800592-05
19	sessions	0001_initial	2025-01-24 17:54:11.80914-05
20	recipes	0002_rename_instructions_recipe_cooking_steps_and_more	2025-01-24 18:16:35.317267-05
21	recipes	0003_rename_cooking_steps_recipe_preparation_steps_and_more	2025-01-25 08:54:23.152501-05
22	recipes	0004_alter_recipe_image	2025-01-25 09:18:43.478735-05
23	recipes	0005_alter_category_name_alter_recipe_author_and_more	2025-01-27 15:19:04.67698-05
24	recipes	0006_alter_category_name	2025-01-27 17:07:16.460908-05
\.


--
-- Data for Name: django_session; Type: TABLE DATA; Schema: public; Owner: svyat
--

COPY public.django_session (session_key, session_data, expire_date) FROM stdin;
2vfi65r8l9fig02jtysshuy2z105wfv8	.eJxVjEEOwiAQRe_C2hCmMgIu3XuGBpgZqRpISrsy3l2bdKHb_977LzXGdSnj2nkeJ1JnNajD75ZifnDdAN1jvTWdW13mKelN0Tvt-tqIn5fd_TsosZdv7dkYh4yJRJzF4NAhCDL5zD5kCkfKAQEwehGwnBNEJ4IJzWkAY9X7A--pOBs:1tdqIA:DYX8vFZPow3nPp5Ec1gt7PUV6HO8eYqO32krY67TSIs	2025-02-14 07:38:38.748127-05
a21051epirobfctklqcb4zxd8iuu5kis	.eJxVjEEOwiAQRe_C2hCmMgIu3XuGBpgZqRpISrsy3l2bdKHb_977LzXGdSnj2nkeJ1JnNajD75ZifnDdAN1jvTWdW13mKelN0Tvt-tqIn5fd_TsosZdv7dkYh4yJRJzF4NAhCDL5zD5kCkfKAQEwehGwnBNEJ4IJzWkAY9X7A--pOBs:1tc7gl:qmSGZD6UJqyTBoYNIZ9XRu8WFnECtTtup49RFTevD2s	2025-02-09 13:48:55.854656-05
0kue7q1cxyydiab9oxki91y19vpopg0s	.eJxVjEEOwiAQRe_C2hCmMgIu3XuGBpgZqRpISrsy3l2bdKHb_977LzXGdSnj2nkeJ1JnNajD75ZifnDdAN1jvTWdW13mKelN0Tvt-tqIn5fd_TsosZdv7dkYh4yJRJzF4NAhCDL5zD5kCkfKAQEwehGwnBNEJ4IJzWkAY9X7A--pOBs:1tg5VR:pZhMXPWSyJ790cSHMd_z7iSF3PMgDggoAzGZxgntFCI	2025-02-20 12:17:37.867291-05
hendsjwyuh1uz3vy1o4b31tuy0hou2qp	.eJxVjEEOwiAQRe_C2hCmMgIu3XuGBpgZqRpISrsy3l2bdKHb_977LzXGdSnj2nkeJ1JnNajD75ZifnDdAN1jvTWdW13mKelN0Tvt-tqIn5fd_TsosZdv7dkYh4yJRJzF4NAhCDL5zD5kCkfKAQEwehGwnBNEJ4IJzWkAY9X7A--pOBs:1thUUL:F3jlvQfG3AWuhrjytM_r-AjAZqvAA8u2JrouZbMlAsY	2025-02-24 09:10:17.820976-05
nlcpoy6de8qp6gx2r6o2kt1p8y0dz8gv	.eJxVjEsOwjAMBe-SNYpIa6cxS_Y9Q2UnDi2gROpnhbg7VOoCtm9m3ssMvK3jsC06D1MyFxPM6XcTjg8tO0h3LrdqYy3rPIndFXvQxfY16fN6uH8HIy_jtyblLsOZMeTQhNhk8SA-IjgkcgygCAJNyojs25A6T60QCDkV1yqZ9wfhKzeU:1tdeKr:bGCZvIc4bX9ZwyPIpRfh4STJ1vmweIHqmSVomLnsz6w	2025-02-13 18:52:37.823994-05
\.


--
-- Data for Name: recipes_category; Type: TABLE DATA; Schema: public; Owner: svyat
--

COPY public.recipes_category (id, name) FROM stdin;
1	Завтрак
2	Обед
3	Ужин
4	Полдник
5	Поздний Ужин
6	Закуски
7	Напитки
\.


--
-- Data for Name: recipes_recipe; Type: TABLE DATA; Schema: public; Owner: svyat
--

COPY public.recipes_recipe (id, title, description, preparation_steps, cooking_time, image, author_id) FROM stdin;
5	Коктейль "Мохито" (классический и безалкогольный)	Представляю Вашему вниманию потрясающий, летний, освежающий коктейль "Мохито", который очень просто можно приготовить у себя дома! Одним словом, не коктейль, а находка! Готовим два варианта - классический и безалкогольный.	Продукты\r\nЛайм - 3 шт.\r\nСахар тростниковый - 4 ч. л.\r\nМята свежая - 20-24 листика\r\nРом белый (для алкогольного коктейля) - 50 мл\r\nВода газированная\r\nЛёд	10	media/big_269255.jpg	2
6	Рассыпчатый плов с говядиной	Плов по этому рецепту готовится традиционно с большим количеством моркови, а также лука. Чтобы плов получился рассыпчатым, важно правильно выбрать рис, а также посуду для приготовления блюда. Пряности - барбарис, зира и куркума - обеспечат плову потрясающий аромат.	Продукты (на 6 порций)\r\nГовядина (мякоть) – 700 г\r\nРис длиннозерный - 500 г\r\nМорковь – 300 г\r\nЛук репчатый – 300 г\r\nЧеснок – 1 головка\r\nМасло растительное – 100 г\r\nЗира (семена) – 0,5 ст. ложки\r\nБарбарис сушёный – 0,5 ст. ложки\r\nКуркума молотая – 0,5 ч. ложки\r\nПерец красный острый молотый – по вкусу\r\nПерец чёрный молотый – по вкусу\r\nСоль – по вкусу	105	media/big_537904.jpg	1
2	Борщ с говядиной	Вкусный красный борщ с говядиной приготовить очень легко.	Продукты (на 6 порций)\r\nГовядина - 500 г\r\nСвёкла - 1 шт.\r\nКартофель - 2 шт.\r\nКапуста белокочанная - 200 г\r\nМорковь - 1 шт.\r\nЛук репчатый - 1 шт.\r\nТоматная паста - 1 ст. ложка\r\nМасло растительное - 2 ст. ложки\r\nУксус - 1 ч. ложка\r\nЛавровый лист - 1 шт.\r\nПерец чёрный горошком - 2-3 шт.\r\nСоль - 2 ч. ложки (по вкусу)\r\nВода - 1,5 л\r\nЗелень укропа и/или петрушки (для подачи) - 3-4 веточки\r\nСметана (для подачи) - 2 ст. ложки	120	media/big_63397_uwzVVjh.jpg	2
3	Трубочки из лаваша с картошкой и сыром (на сковороде)	Трубочки из лаваша с картошкой и сыром — простая и вкусная закуска, завтрак или дополнение к первым и вторым блюдам. Твёрдый сыр придаёт приятную сливочную нотку начинке, а чеснок и укроп — замечательный аромат. Румяная хрустящая корочка лаваша и аппетитная нежная начинка из картофельного пюре и расплавленного сыра привычны на вкус, а форма исполнения разнообразит подачу.	Продукты\r\nКартофель - 450 г\r\nЛаваш тонкий - 200 г (2 шт.)\r\nСыр твёрдый - 150 г\r\nУкроп свежий - 15 г\r\nЧеснок - 1 зубчик\r\nЛавровый лист - 1 шт.\r\nМасло растительное - 30-45 мл (2-3 ст. ложки)\r\nСоль - по вкусу\r\nПерец чёрный молотый - по вкусу	50	media/big_559778.jpg	2
7	"Чебуреки" из кабачков с сырной начинкой	Замечательное летнее блюдо из кабачков - кабачковые блины с сырной начинкой, оформленные как чебуреки. Это интересная альтернатива классическому рецепту блинчиков из кабачков. Нежное и ароматное кабачковое тесто с добавлением зелени и начинка из двух видов сыра внутри - очень вкусное сочетание.	Продукты\r\nКабачки - 450 г\r\nЯйца - 2 шт.\r\nМолоко - 125 мл\r\nМука - 80 г\r\nСыр твёрдый - 100 г\r\nСыр адыгейский - 50 г\r\nЧеснок - 2 зубчика\r\nУкроп свежий - 1 пучок\r\nСоль - по вкусу\r\nПерец чёрный молотый - по вкусу\r\nМасло растительное - 2-3 ст. ложки	40	media/big_604742.jpg	1
4	Жареный сэндвич с ветчиной и сыром	Обычный сэндвич с ветчиной и сыром можно сделать необычайно вкусным, если обжарить его	Продукты (на 2 порции)\r\nХлеб тостовый - 4 кусочка\r\nВетчина - 100 г\r\nСыр твердый - 90 г\r\nЛук репчатый - 1 шт.\r\nЯйца - 2 шт.\r\nМасло сливочное - 30 г\r\nМасло оливковое - 1 ст. л.\r\nУксус - 10 мл\r\nСахар - 10 г\r\nСоль - по вкусу\r\nПерец черный молотый - по вкусу	30	media/big_243456.jpg	2
8	Кекс с вишней	Быстро, вкусно и просто.	Масло сливочное — 150 г\r\nЯйцо куриное — 3 шт\r\nСахар — 150 г\r\nМука пшеничная / Мука — 1,5-2 стак.\r\nРазрыхлитель теста — 2 ч. л.\r\nВода — 6 ст. л.\r\nВанильный сахар — 1 пакет.\r\nВишня (без косточек) — 200 г	60	media/339274.jpg	2
9	Яичные конвертики с сыром и ветчиной	Сытное и вкусное блюдо "с изюминкой", которое можно приготовить всего из 3 ингредиентов, - аппетитные, нежные и румяные яичные конвертики с ветчиной и сыром. Отличная альтернатива привычной яичнице для завтрака или перекус на скорую руку. Попробуйте!	Продукты (на 2 порции)\r\nЯйца - 4 шт.\r\nВетчина - 130 г\r\nСыр твёрдый - 100 г\r\nМасло растительное (для жарки) - 1-2 ч. ложки\r\n*\r\nДля подачи (по желанию):\r\nПетрушка свежая - 1 веточка	20	media/big_378723.jpg	2
10	Картошка, тушенная с курицей	Питательное и вкусное блюдо из продуктов, которые практически всегда найдутся под рукой. Тушёная картошка получается мягкой, но не распадается, а кусочки куриной грудки за счёт предварительного обжаривания и последующего тушения – сочными и нежными. Обжаренные морковь, лук и чеснок, а также букет ароматных пряностей добавляют этому простому блюду яркие вкусовые оттенки.	Продукты (на 2 порции)\r\nКуриное филе - 400 г\r\nКартофель - 315 г\r\nМорковь - 100 г (1 шт.)\r\nЛук репчатый - 120 г (1 шт.)\r\nЧеснок - 5 г (1 зубчик)\r\nМука - 25 г (1 ст. ложка с горкой)\r\nСоль - 1 ч. ложка (по вкусу)\r\nПерец чёрный молотый - 0,5 ч. ложки\r\nПаприка сладкая молотая - 0,5 ч. ложки\r\nЧеснок сушёный молотый - 0,5 ч. ложки\r\nЛавровый лист - 1 шт.\r\nПерец душистый горошком - 2-3 шт.\r\nПрованские травы сушёные - 1 ч. ложка\r\nМасло растительное - 30 мл (2 ст. ложки)	120	media/big_643394.jpg	1
11	Макароны с фрикадельками в молочном соусе, на сковороде	Фрикадельки и макароны – топовое сочетание. Ещё один плюс – сухие макароны выкладываются в сковороду в молочный соус с обжаренными мясными шариками, в котором и варятся до готовности. Блюдо получается аппетитным, сочным, с нежным сливочным послевкусием, которое придаёт плавленный сыр.	Продукты (на 3 порции)\r\nМакароны (перья) - 150 г\r\nФарш мясной - 300 г\r\nЛук репчатый - 130 г\r\nЧеснок - 10 г (2 зубчика)\r\nМолоко - 300 мл\r\nСыр плавленый - 80 г\r\nСоль - по вкусу\r\nПерец чёрный молотый - по вкусу\r\nМасло растительное - 30 мл (2 ст. ложки)	90	media/big_677170.jpg	1
12	Лимонад	Лучший прохладительный напиток для детей – домашний лимонад, приготовленный из свежих лимонов. Он богат витаминами и прекрасно утоляет жажду. Итак, готовим домашний лимонад, рецепт с натуральным лимонным соком.	Продукты (на 4 порции)\r\nЛимон - 1 шт.\r\nСахар - 120 г\r\nВода - 800 мл	20	media/big_43675.jpg	3
1	Яичница-глазунья на сливочном масле	Максимально простое и так любимое многими блюдо - яичница-глазунья. Приготовить идеальную глазунью с нежным белком и шелковистым жидким желтком совсем несложно и под силу даже начинающему кулинару. Как ни крути, а классическая яичница на завтрак - это всегда отличная идея! А если пожарить яичницу на сливочном масле, то будет ещё вкуснее!	Продукты (на 1 порцию)\r\nЯйца - 3 шт.\r\nМасло сливочное - 25 г\r\nСоль - щепотка\r\n*\r\nДля подачи:\r\nХлеб - 1-2 ломтика (60 г)\r\nПетрушка свежая - 1-2 веточки	10	media/big_4869734_A42prjW.jpg	2
13	Куриное филе в кляре	Самый простой способ быстро и вкусно приготовить куриное филе -  обжарить его в кляре. Даже куриная грудка получается сочной и нежной. Хотя обычно это мясо выходит суховатым. Но кляр - это защитная корочка, которая сохраняет все соки внутри каждого кусочка мяса. Он, кстати, очень легкий и не впитывает лишний жир со сковороды. Курицу в кляре удобно брать с собой на работу, в поездку или школу. Она даже остывшая вкусная.	Ингредиенты:\r\nНа кол-во порций: 4\r\nКурица – 700 г\r\nЯйцо – 2 шт.\r\nМолоко – 170 г\r\nМука – 200 г\r\nМасло растительное – 30 г\r\nСоль – 0.3 ч.л.	60	media/DSC08942-1000x667.jpg	2
\.


--
-- Data for Name: recipes_recipe_categories; Type: TABLE DATA; Schema: public; Owner: svyat
--

COPY public.recipes_recipe_categories (id, recipe_id, category_id) FROM stdin;
1	1	1
2	2	2
3	3	3
4	4	6
5	5	7
6	6	2
7	7	5
8	8	4
9	9	1
10	10	2
11	11	2
12	12	7
13	13	2
\.


--
-- Name: auth_group_id_seq; Type: SEQUENCE SET; Schema: public; Owner: svyat
--

SELECT pg_catalog.setval('public.auth_group_id_seq', 1, true);


--
-- Name: auth_group_permissions_id_seq; Type: SEQUENCE SET; Schema: public; Owner: svyat
--

SELECT pg_catalog.setval('public.auth_group_permissions_id_seq', 1, false);


--
-- Name: auth_permission_id_seq; Type: SEQUENCE SET; Schema: public; Owner: svyat
--

SELECT pg_catalog.setval('public.auth_permission_id_seq', 32, true);


--
-- Name: auth_user_groups_id_seq; Type: SEQUENCE SET; Schema: public; Owner: svyat
--

SELECT pg_catalog.setval('public.auth_user_groups_id_seq', 1, false);


--
-- Name: auth_user_id_seq; Type: SEQUENCE SET; Schema: public; Owner: svyat
--

SELECT pg_catalog.setval('public.auth_user_id_seq', 9, true);


--
-- Name: auth_user_user_permissions_id_seq; Type: SEQUENCE SET; Schema: public; Owner: svyat
--

SELECT pg_catalog.setval('public.auth_user_user_permissions_id_seq', 1, false);


--
-- Name: django_admin_log_id_seq; Type: SEQUENCE SET; Schema: public; Owner: svyat
--

SELECT pg_catalog.setval('public.django_admin_log_id_seq', 31, true);


--
-- Name: django_content_type_id_seq; Type: SEQUENCE SET; Schema: public; Owner: svyat
--

SELECT pg_catalog.setval('public.django_content_type_id_seq', 8, true);


--
-- Name: django_migrations_id_seq; Type: SEQUENCE SET; Schema: public; Owner: svyat
--

SELECT pg_catalog.setval('public.django_migrations_id_seq', 24, true);


--
-- Name: recipes_category_id_seq; Type: SEQUENCE SET; Schema: public; Owner: svyat
--

SELECT pg_catalog.setval('public.recipes_category_id_seq', 7, true);


--
-- Name: recipes_recipe_categories_id_seq; Type: SEQUENCE SET; Schema: public; Owner: svyat
--

SELECT pg_catalog.setval('public.recipes_recipe_categories_id_seq', 15, true);


--
-- Name: recipes_recipe_id_seq; Type: SEQUENCE SET; Schema: public; Owner: svyat
--

SELECT pg_catalog.setval('public.recipes_recipe_id_seq', 15, true);


--
-- Name: auth_group auth_group_name_key; Type: CONSTRAINT; Schema: public; Owner: svyat
--

ALTER TABLE ONLY public.auth_group
    ADD CONSTRAINT auth_group_name_key UNIQUE (name);


--
-- Name: auth_group_permissions auth_group_permissions_group_id_permission_id_0cd325b0_uniq; Type: CONSTRAINT; Schema: public; Owner: svyat
--

ALTER TABLE ONLY public.auth_group_permissions
    ADD CONSTRAINT auth_group_permissions_group_id_permission_id_0cd325b0_uniq UNIQUE (group_id, permission_id);


--
-- Name: auth_group_permissions auth_group_permissions_pkey; Type: CONSTRAINT; Schema: public; Owner: svyat
--

ALTER TABLE ONLY public.auth_group_permissions
    ADD CONSTRAINT auth_group_permissions_pkey PRIMARY KEY (id);


--
-- Name: auth_group auth_group_pkey; Type: CONSTRAINT; Schema: public; Owner: svyat
--

ALTER TABLE ONLY public.auth_group
    ADD CONSTRAINT auth_group_pkey PRIMARY KEY (id);


--
-- Name: auth_permission auth_permission_content_type_id_codename_01ab375a_uniq; Type: CONSTRAINT; Schema: public; Owner: svyat
--

ALTER TABLE ONLY public.auth_permission
    ADD CONSTRAINT auth_permission_content_type_id_codename_01ab375a_uniq UNIQUE (content_type_id, codename);


--
-- Name: auth_permission auth_permission_pkey; Type: CONSTRAINT; Schema: public; Owner: svyat
--

ALTER TABLE ONLY public.auth_permission
    ADD CONSTRAINT auth_permission_pkey PRIMARY KEY (id);


--
-- Name: auth_user_groups auth_user_groups_pkey; Type: CONSTRAINT; Schema: public; Owner: svyat
--

ALTER TABLE ONLY public.auth_user_groups
    ADD CONSTRAINT auth_user_groups_pkey PRIMARY KEY (id);


--
-- Name: auth_user_groups auth_user_groups_user_id_group_id_94350c0c_uniq; Type: CONSTRAINT; Schema: public; Owner: svyat
--

ALTER TABLE ONLY public.auth_user_groups
    ADD CONSTRAINT auth_user_groups_user_id_group_id_94350c0c_uniq UNIQUE (user_id, group_id);


--
-- Name: auth_user auth_user_pkey; Type: CONSTRAINT; Schema: public; Owner: svyat
--

ALTER TABLE ONLY public.auth_user
    ADD CONSTRAINT auth_user_pkey PRIMARY KEY (id);


--
-- Name: auth_user_user_permissions auth_user_user_permissions_pkey; Type: CONSTRAINT; Schema: public; Owner: svyat
--

ALTER TABLE ONLY public.auth_user_user_permissions
    ADD CONSTRAINT auth_user_user_permissions_pkey PRIMARY KEY (id);


--
-- Name: auth_user_user_permissions auth_user_user_permissions_user_id_permission_id_14a6b632_uniq; Type: CONSTRAINT; Schema: public; Owner: svyat
--

ALTER TABLE ONLY public.auth_user_user_permissions
    ADD CONSTRAINT auth_user_user_permissions_user_id_permission_id_14a6b632_uniq UNIQUE (user_id, permission_id);


--
-- Name: auth_user auth_user_username_key; Type: CONSTRAINT; Schema: public; Owner: svyat
--

ALTER TABLE ONLY public.auth_user
    ADD CONSTRAINT auth_user_username_key UNIQUE (username);


--
-- Name: django_admin_log django_admin_log_pkey; Type: CONSTRAINT; Schema: public; Owner: svyat
--

ALTER TABLE ONLY public.django_admin_log
    ADD CONSTRAINT django_admin_log_pkey PRIMARY KEY (id);


--
-- Name: django_content_type django_content_type_app_label_model_76bd3d3b_uniq; Type: CONSTRAINT; Schema: public; Owner: svyat
--

ALTER TABLE ONLY public.django_content_type
    ADD CONSTRAINT django_content_type_app_label_model_76bd3d3b_uniq UNIQUE (app_label, model);


--
-- Name: django_content_type django_content_type_pkey; Type: CONSTRAINT; Schema: public; Owner: svyat
--

ALTER TABLE ONLY public.django_content_type
    ADD CONSTRAINT django_content_type_pkey PRIMARY KEY (id);


--
-- Name: django_migrations django_migrations_pkey; Type: CONSTRAINT; Schema: public; Owner: svyat
--

ALTER TABLE ONLY public.django_migrations
    ADD CONSTRAINT django_migrations_pkey PRIMARY KEY (id);


--
-- Name: django_session django_session_pkey; Type: CONSTRAINT; Schema: public; Owner: svyat
--

ALTER TABLE ONLY public.django_session
    ADD CONSTRAINT django_session_pkey PRIMARY KEY (session_key);


--
-- Name: recipes_category recipes_category_pkey; Type: CONSTRAINT; Schema: public; Owner: svyat
--

ALTER TABLE ONLY public.recipes_category
    ADD CONSTRAINT recipes_category_pkey PRIMARY KEY (id);


--
-- Name: recipes_recipe_categories recipes_recipe_categories_pkey; Type: CONSTRAINT; Schema: public; Owner: svyat
--

ALTER TABLE ONLY public.recipes_recipe_categories
    ADD CONSTRAINT recipes_recipe_categories_pkey PRIMARY KEY (id);


--
-- Name: recipes_recipe_categories recipes_recipe_categories_recipe_id_category_id_667b8ea7_uniq; Type: CONSTRAINT; Schema: public; Owner: svyat
--

ALTER TABLE ONLY public.recipes_recipe_categories
    ADD CONSTRAINT recipes_recipe_categories_recipe_id_category_id_667b8ea7_uniq UNIQUE (recipe_id, category_id);


--
-- Name: recipes_recipe recipes_recipe_pkey; Type: CONSTRAINT; Schema: public; Owner: svyat
--

ALTER TABLE ONLY public.recipes_recipe
    ADD CONSTRAINT recipes_recipe_pkey PRIMARY KEY (id);


--
-- Name: auth_group_name_a6ea08ec_like; Type: INDEX; Schema: public; Owner: svyat
--

CREATE INDEX auth_group_name_a6ea08ec_like ON public.auth_group USING btree (name varchar_pattern_ops);


--
-- Name: auth_group_permissions_group_id_b120cbf9; Type: INDEX; Schema: public; Owner: svyat
--

CREATE INDEX auth_group_permissions_group_id_b120cbf9 ON public.auth_group_permissions USING btree (group_id);


--
-- Name: auth_group_permissions_permission_id_84c5c92e; Type: INDEX; Schema: public; Owner: svyat
--

CREATE INDEX auth_group_permissions_permission_id_84c5c92e ON public.auth_group_permissions USING btree (permission_id);


--
-- Name: auth_permission_content_type_id_2f476e4b; Type: INDEX; Schema: public; Owner: svyat
--

CREATE INDEX auth_permission_content_type_id_2f476e4b ON public.auth_permission USING btree (content_type_id);


--
-- Name: auth_user_groups_group_id_97559544; Type: INDEX; Schema: public; Owner: svyat
--

CREATE INDEX auth_user_groups_group_id_97559544 ON public.auth_user_groups USING btree (group_id);


--
-- Name: auth_user_groups_user_id_6a12ed8b; Type: INDEX; Schema: public; Owner: svyat
--

CREATE INDEX auth_user_groups_user_id_6a12ed8b ON public.auth_user_groups USING btree (user_id);


--
-- Name: auth_user_user_permissions_permission_id_1fbb5f2c; Type: INDEX; Schema: public; Owner: svyat
--

CREATE INDEX auth_user_user_permissions_permission_id_1fbb5f2c ON public.auth_user_user_permissions USING btree (permission_id);


--
-- Name: auth_user_user_permissions_user_id_a95ead1b; Type: INDEX; Schema: public; Owner: svyat
--

CREATE INDEX auth_user_user_permissions_user_id_a95ead1b ON public.auth_user_user_permissions USING btree (user_id);


--
-- Name: auth_user_username_6821ab7c_like; Type: INDEX; Schema: public; Owner: svyat
--

CREATE INDEX auth_user_username_6821ab7c_like ON public.auth_user USING btree (username varchar_pattern_ops);


--
-- Name: django_admin_log_content_type_id_c4bce8eb; Type: INDEX; Schema: public; Owner: svyat
--

CREATE INDEX django_admin_log_content_type_id_c4bce8eb ON public.django_admin_log USING btree (content_type_id);


--
-- Name: django_admin_log_user_id_c564eba6; Type: INDEX; Schema: public; Owner: svyat
--

CREATE INDEX django_admin_log_user_id_c564eba6 ON public.django_admin_log USING btree (user_id);


--
-- Name: django_session_expire_date_a5c62663; Type: INDEX; Schema: public; Owner: svyat
--

CREATE INDEX django_session_expire_date_a5c62663 ON public.django_session USING btree (expire_date);


--
-- Name: django_session_session_key_c0390e0f_like; Type: INDEX; Schema: public; Owner: svyat
--

CREATE INDEX django_session_session_key_c0390e0f_like ON public.django_session USING btree (session_key varchar_pattern_ops);


--
-- Name: recipes_recipe_author_id_7274f74b; Type: INDEX; Schema: public; Owner: svyat
--

CREATE INDEX recipes_recipe_author_id_7274f74b ON public.recipes_recipe USING btree (author_id);


--
-- Name: recipes_recipe_categories_category_id_69cc9a7e; Type: INDEX; Schema: public; Owner: svyat
--

CREATE INDEX recipes_recipe_categories_category_id_69cc9a7e ON public.recipes_recipe_categories USING btree (category_id);


--
-- Name: recipes_recipe_categories_recipe_id_9c7328cb; Type: INDEX; Schema: public; Owner: svyat
--

CREATE INDEX recipes_recipe_categories_recipe_id_9c7328cb ON public.recipes_recipe_categories USING btree (recipe_id);


--
-- Name: auth_group_permissions auth_group_permissio_permission_id_84c5c92e_fk_auth_perm; Type: FK CONSTRAINT; Schema: public; Owner: svyat
--

ALTER TABLE ONLY public.auth_group_permissions
    ADD CONSTRAINT auth_group_permissio_permission_id_84c5c92e_fk_auth_perm FOREIGN KEY (permission_id) REFERENCES public.auth_permission(id) DEFERRABLE INITIALLY DEFERRED;


--
-- Name: auth_group_permissions auth_group_permissions_group_id_b120cbf9_fk_auth_group_id; Type: FK CONSTRAINT; Schema: public; Owner: svyat
--

ALTER TABLE ONLY public.auth_group_permissions
    ADD CONSTRAINT auth_group_permissions_group_id_b120cbf9_fk_auth_group_id FOREIGN KEY (group_id) REFERENCES public.auth_group(id) DEFERRABLE INITIALLY DEFERRED;


--
-- Name: auth_permission auth_permission_content_type_id_2f476e4b_fk_django_co; Type: FK CONSTRAINT; Schema: public; Owner: svyat
--

ALTER TABLE ONLY public.auth_permission
    ADD CONSTRAINT auth_permission_content_type_id_2f476e4b_fk_django_co FOREIGN KEY (content_type_id) REFERENCES public.django_content_type(id) DEFERRABLE INITIALLY DEFERRED;


--
-- Name: auth_user_groups auth_user_groups_group_id_97559544_fk_auth_group_id; Type: FK CONSTRAINT; Schema: public; Owner: svyat
--

ALTER TABLE ONLY public.auth_user_groups
    ADD CONSTRAINT auth_user_groups_group_id_97559544_fk_auth_group_id FOREIGN KEY (group_id) REFERENCES public.auth_group(id) DEFERRABLE INITIALLY DEFERRED;


--
-- Name: auth_user_groups auth_user_groups_user_id_6a12ed8b_fk_auth_user_id; Type: FK CONSTRAINT; Schema: public; Owner: svyat
--

ALTER TABLE ONLY public.auth_user_groups
    ADD CONSTRAINT auth_user_groups_user_id_6a12ed8b_fk_auth_user_id FOREIGN KEY (user_id) REFERENCES public.auth_user(id) DEFERRABLE INITIALLY DEFERRED;


--
-- Name: auth_user_user_permissions auth_user_user_permi_permission_id_1fbb5f2c_fk_auth_perm; Type: FK CONSTRAINT; Schema: public; Owner: svyat
--

ALTER TABLE ONLY public.auth_user_user_permissions
    ADD CONSTRAINT auth_user_user_permi_permission_id_1fbb5f2c_fk_auth_perm FOREIGN KEY (permission_id) REFERENCES public.auth_permission(id) DEFERRABLE INITIALLY DEFERRED;


--
-- Name: auth_user_user_permissions auth_user_user_permissions_user_id_a95ead1b_fk_auth_user_id; Type: FK CONSTRAINT; Schema: public; Owner: svyat
--

ALTER TABLE ONLY public.auth_user_user_permissions
    ADD CONSTRAINT auth_user_user_permissions_user_id_a95ead1b_fk_auth_user_id FOREIGN KEY (user_id) REFERENCES public.auth_user(id) DEFERRABLE INITIALLY DEFERRED;


--
-- Name: django_admin_log django_admin_log_content_type_id_c4bce8eb_fk_django_co; Type: FK CONSTRAINT; Schema: public; Owner: svyat
--

ALTER TABLE ONLY public.django_admin_log
    ADD CONSTRAINT django_admin_log_content_type_id_c4bce8eb_fk_django_co FOREIGN KEY (content_type_id) REFERENCES public.django_content_type(id) DEFERRABLE INITIALLY DEFERRED;


--
-- Name: django_admin_log django_admin_log_user_id_c564eba6_fk_auth_user_id; Type: FK CONSTRAINT; Schema: public; Owner: svyat
--

ALTER TABLE ONLY public.django_admin_log
    ADD CONSTRAINT django_admin_log_user_id_c564eba6_fk_auth_user_id FOREIGN KEY (user_id) REFERENCES public.auth_user(id) DEFERRABLE INITIALLY DEFERRED;


--
-- Name: recipes_recipe recipes_recipe_author_id_7274f74b_fk_auth_user_id; Type: FK CONSTRAINT; Schema: public; Owner: svyat
--

ALTER TABLE ONLY public.recipes_recipe
    ADD CONSTRAINT recipes_recipe_author_id_7274f74b_fk_auth_user_id FOREIGN KEY (author_id) REFERENCES public.auth_user(id) DEFERRABLE INITIALLY DEFERRED;


--
-- Name: recipes_recipe_categories recipes_recipe_categ_category_id_69cc9a7e_fk_recipes_c; Type: FK CONSTRAINT; Schema: public; Owner: svyat
--

ALTER TABLE ONLY public.recipes_recipe_categories
    ADD CONSTRAINT recipes_recipe_categ_category_id_69cc9a7e_fk_recipes_c FOREIGN KEY (category_id) REFERENCES public.recipes_category(id) DEFERRABLE INITIALLY DEFERRED;


--
-- Name: recipes_recipe_categories recipes_recipe_categ_recipe_id_9c7328cb_fk_recipes_r; Type: FK CONSTRAINT; Schema: public; Owner: svyat
--

ALTER TABLE ONLY public.recipes_recipe_categories
    ADD CONSTRAINT recipes_recipe_categ_recipe_id_9c7328cb_fk_recipes_r FOREIGN KEY (recipe_id) REFERENCES public.recipes_recipe(id) DEFERRABLE INITIALLY DEFERRED;


--
-- PostgreSQL database dump complete
--

